id,name,pass
101112131,Lisette Barbel,admin131
101112132,Jasmine Antonina,admin132
101112133,Aonghus Dragoslava,admin133
101112134,Will Smith,admin134
101112135,John Doe,admin135
101112136,Ba Sing,admin136
201802637,Mordacai Antonio,iAmASimp!
201902324,Ben Dover,ben69420
201902600,Tifawt Vishal,tifanyturner
201902601,Ukaleq Miron,201902601
201902602,Ivan Marilyn,201902602
201902603,Hilmar Siri,201902603
201902604,Azarel Lyndon,201902604
201902605,Lavinia Bromine,201902605
201902606,Grimaldo Anton,i_am_grim
201902607,Fernand Anna,<3Fernando
201902608,Bernd Ellanher,hopesAndDreams
201902609,Paraskeva Michelangelo,loveYourBody
201902610,Kilo Morales,bottlesAreSharp
201902611,Aditi Huxley,takeMe
201902612,Uiara Anita,!_#$%8
201902613,Efraim Barenger,engineers___
201902614,Kalyan Helfried,closerAndcloser
201902615,Alpha Mason,Beta-Charlie_12
201902616,Adrianna Santiago,mafifesi75
201902617,Kia Mcgowan,hivayahi83
201902618,Mara Lester,sevubifi20
201902619,Harun Riley,zurepibe10
201902620,Israel Bryant,vuwutimu96
201902621,Haniya Hutton,kesitave56
201902622,Zunaira Hodgson,yedoridu55
201902623,Chanelle Dickerson,lecugepe61
201902624,Suzannah Singh,yaworigu13
201902625,Jovan Farley,zofiyede22
201902626,Krista Espinoza,bihunuse25
201902627,Oriana Barrera,xabitava47
201902628,Miguel Walton,momusido75
201902629,Chiara Herbert,lilixabu93
201902630,Rocco Rees,jozomufu77
201902631,Caden Zhang,kelikeke34
201902632,Sila Deacon,hatujono76
201902633,Zara Kaye,muhugoci94
201902634,Blessing Forster,pidalugi83
201902635,Fardeen Holden,gomasipu64
201902636,Lily-Grace Huffman,hotafaxu65
201902637,Nancy Phan,rabudise32
201902638,Aleyna Fritz,tasujule53
201902639,Sumaiya Chadwick,difapimo41
201902640,Akshay Regan,fobajuru58
201902641,Corrina Wade,huyema66
201902642,Cerys Mcclure,keyohe57
201902643,Talitha Bradley,dujaci37
201902644,Ameena Frazier,regajo32
201902645,Christian Robinson,pudoza61
201902646,Amayah Luna,givocu55
201902647,Constance Christian,xecebi81
